{"cameraMode":{"drawMode":0,"name":"Shaded","section":"Shading Mode"},"sceneLighting":true,"audioPlay":false,"sceneViewState":{"m_AlwaysRefresh":false,"showFog":true,"showSkybox":true,"showFlares":true,"showImageEffects":true,"showParticleSystems":true,"showVisualEffectGraphs":true,"m_FxEnabled":true},"in2DMode":false,"pivot":{"x":-336.98834228515627,"y":9.716239929199219,"z":187.4397430419922},"rotation":{"x":-0.008180593140423298,"y":0.9589967131614685,"z":0.027818838134407998,"w":0.28200429677963259},"size":12.265835762023926,"orthographic":false}