{"cameraMode":{"drawMode":0,"name":"Shaded","section":"Shading Mode"},"sceneLighting":false,"audioPlay":false,"sceneViewState":{"m_AlwaysRefresh":false,"showFog":true,"showSkybox":false,"showFlares":true,"showImageEffects":true,"showParticleSystems":true,"showVisualEffectGraphs":true,"m_FxEnabled":true},"in2DMode":false,"pivot":{"x":-2.3676209449768068,"y":17.58419418334961,"z":-75.72099304199219},"rotation":{"x":-0.00035342766204848886,"y":0.9993693232536316,"z":0.03399169445037842,"w":0.010391781106591225},"size":51.667083740234378,"orthographic":false}